{
    "attributeOffsetEnabledFlag": false,
    "blockSizeDepthQualityDependent": [ 16, 32 ],
    "configDirectory": "config",
    "DepthQualityAssessor": {
        "blendingFactor": 0.03,
        "maxOutlierRatio": 0.001
    },
    "DepthQualityAssessorMethod": "DepthQualityAssessor",
    "dynamicDepthRange": false,
    "Encoder": {
        "Aggregator": {},
        "AggregatorMethod": "Aggregator",
        "BasicViewAllocator": {
            "maxBasicViewFraction": 1.0,
            "minNonCodedViews": 3,
            "outputAdditionalViews": false
        },
        "dilate": 16,
        "GeometryQuantizer": {
            "depthOccThresholdIfSet": 64
        },
        "GeometryQuantizerMethod": "GeometryQuantizer",
        "NoPruner": {},
        "Packer": {
            "enableMerging": true,
            "MinPatchSize": 16,
            "Overlap": 1,
            "PiP": 1,
            "sortingMethod": 0,
            "enableRecursiveSplit": true
        },
        "PackerMethod": "Packer",
        "PrunerMethod": "NoPruner",
        "ViewOptimizerMethod": "BasicViewAllocator"
    },
    "EncoderMethod": "Encoder",
    "haveGeometryVideo": false,
    "haveOccupancyVideo": false,
    "haveTextureVideo": true,
    "inputDirectory": ".",
    "inputSequenceConfigPathFmt": "ctc/sequences/{1}.json",
    "inputTexturePathFmt": "{1}/{3}_texture_{4}x{5}_{6}.yuv",
    "intraPeriod": 32,
    "maxAtlases": 4,
    "maxEntities": 1,
    "maxLumaPictureSize": 8912896,
    "maxLumaSampleRate": 1069547520.0,
    "numberOfFrames": 17,
    "numGroups": 1,
    "OmafV1CompatibleFlag": false,
    "oneViewPerAtlasFlag": false,
    "outputBitstreamPathFmt": "G{0}/{1}/TMIV_G{0}_{1}.bit",
    "outputTextureVideoDataPathFmt": "G{0}/{1}/TMIV_G{0}_{1}_tex_c{3:02}_{4}x{5}_yuv420p10le.yuv",
    "outputDirectory": "."
}
