{
    "configDirectory": "config",
    "CullerMethod": "SubBlockCuller",
    "DepthQualityAssessor": {
        "blendingFactor": 0.03,
        "maxOutlierRatio": 0.001
    },
    "DepthQualityAssessorMethod": "DepthQualityAssessor",
    "inputDirectory": ".",
    "inputGeometryPathFmt": "G{0}/{1}/{2}/TMIV_G{0}_{1}_{2}_tex_{3}_{4}x{5}_{6}.yuv",
    "inputPoseTracePathFmt": "ctc/pose_traces/{1}{3}.csv",
    "inputSequenceConfigPathFmt": "G{0}/{1}/{2}/TMIV_G{0}_{1}_{2}_{3:04}.json",
    "inputTexturePathFmt": "G{0}/{1}/{2}/TMIV_G{0}_{1}_{2}_tex_{3}_{4}x{5}_{6}.yuv",
    "inputViewportParamsPathFmt": "ctc/sequences/{1}.json",
    "OmafV1CompatibleFlag": false,
    "outputDirectory": ".",
    "outputViewportTexturePathFmt": "G{0}/{1}/{2}/G{0}_{1}_{2}_{4}_tex_{5}x{6}_{7}.yuv",
    "Renderer": {
        "Inpainter": {},
        "InpainterMethod": "Inpainter",
        "SynthesizerMethod": "ViewWeightingSynthesizer",
        "ViewingSpaceController": {},
        "ViewingSpaceControllerMethod": "ViewingSpaceController",
        "ViewWeightingSynthesizer": {
            "angularScaling": 1.5,
            "blendingFactor": 0.03,
            "filteringPass": 1,
            "minimalWeight": 2.5,
            "overloadFactor": 2.0,
            "stretchFactor": 100.0
        }
    },
    "RendererMethod": "Renderer",
    "SubBlockCuller": {}
}
