{
    "attributeOffsetBitCount": 10,
    "attributeOffsetEnabledFlag": true,
    "blockSizeDepthQualityDependent": [ 16, 32 ],
    "configDirectory": "config",
    "DepthQualityAssessor": {
        "blendingFactor": 0.03,
        "maxOutlierRatio": 0.001
    },
    "DepthQualityAssessorMethod": "DepthQualityAssessor",
    "dynamicDepthRange": true,
    "Encoder": {
        "Aggregator": {},
        "AggregatorMethod": "Aggregator",
        "BasicViewAllocator": {
            "maxBasicViewFraction": 0.5,
            "minNonCodedViews": 3,
            "outputAdditionalViews": true
        },
        "dilate": 16,
        "GeometryQuantizer": {
            "depthOccThresholdIfSet": 64
        },
        "GeometryQuantizerMethod": "GeometryQuantizer",
        "HierarchicalPruner": {
            "depthParameter": 50,
            "dilate": 5,
            "enable2ndPassPruner": true,
            "erode": 2,
            "maxBasicViewsPerGraph": 3,
            "maxColorError": 0.1,
            "maxDepthError": 0.1,
            "maxLumaError": 0.04,
            "maxStretching": 5,
            "rayAngleParameter": 10,
            "stretchingParameter": 3
        },
        "Packer": {
            "enableMerging": true,
            "MinPatchSize": 16,
            "Overlap": 1,
            "PiP": 1,
            "sortingMethod": 0,
            "enableRecursiveSplit": true
        },
        "PackerMethod": "Packer",
        "PrunerMethod": "HierarchicalPruner",
        "ViewOptimizerMethod": "BasicViewAllocator"
    },
    "EncoderMethod": "Encoder",
    "geometryScaleEnabledFlag": true,
    "haveGeometryVideo": true,
    "haveOccupancyVideo": false,
    "haveTextureVideo": true,
    "inputDirectory": ".",
    "inputGeometryPathFmt": "{1}/{3}_depth_{4}x{5}_{6}.yuv",
    "inputSequenceConfigPathFmt": "ctc/sequences/{1}.json",
    "inputTexturePathFmt": "{1}/{3}_texture_{4}x{5}_{6}.yuv",
    "intraPeriod": 32,
    "maxAtlases": 2,
    "maxEntities": 1,
    "maxLumaPictureSize": 8912896,
    "maxLumaSampleRate": 1069547520.0,
    "numGroups": 1,
    "OmafV1CompatibleFlag": false,
    "oneViewPerAtlasFlag": false,
    "outputBitstreamPathFmt": "A{0}/{1}/TMIV_A{0}_{1}.bit",
    "outputDirectory": ".",
    "outputGeometryVideoDataPathFmt": "A{0}/{1}/TMIV_A{0}_{1}_geo_c{3:02}_{4}x{5}_yuv420p10le.yuv",
    "outputTextureVideoDataPathFmt": "A{0}/{1}/TMIV_A{0}_{1}_tex_c{3:02}_{4}x{5}_yuv420p10le.yuv"
}
