{
    "CullerMethod": "SubBlockCuller",
    "Decoder": {
        "geometryEdgeMagnitudeTh": 10,
        "maxCurvature": 5,
        "minForegroundConfidence": 0.5
    },
    "DecoderMethod": "Decoder",
    "inputBitstreamPathFmt": "A{0}/{1}/{2}/TMIV_A{0}_{1}_{2}.bit",
    "inputDirectory": ".",
    "inputPoseTracePathFmt": "ctc/pose_traces/{1}{3}.csv",
    "inputViewportParamsPathFmt": "ctc/sequences/{1}.json",
    "outputDirectory": ".",
    "outputViewportTexturePathFmt": "A{0}/{1}/{2}/A{0}_{1}_{2}_{4}_tex_{5}x{6}_{7}.yuv",
    "Renderer": {
        "Inpainter": {},
        "InpainterMethod": "Inpainter",
        "SynthesizerMethod": "ViewWeightingSynthesizer",
        "ViewingSpaceController": {},
        "ViewingSpaceControllerMethod": "ViewingSpaceController",
        "ViewWeightingSynthesizer": {
            "angularScaling": 1.5,
            "blendingFactor": 0.03,
            "filteringPass": 1,
            "minimalWeight": 2.5,
            "overloadFactor": 2.0,
            "stretchFactor": 100.0
        }
    },
    "RendererMethod": "Renderer",
    "SubBlockCuller": {}
}
