{
    "BoundingBox_center": [ -0.5, -0.5, 1.0 ],
    "Content_name": "Chess",
    "Fps": 30,
    "Frames_number": 300,
    "frameRanges": [{
        "maxNumberOfFrames": 97,
        "startFrame": 60
    }],
    "Informative": {
        "Cameras_number": 10,
        "RigRadius": 0.3,
        "Document": "MPEG128/m50787"
    },
    "sourceCameraNames": [ "v0", "v1", "v2", "v3", "v4", "v5", "v6", "v7", "v8", "v9" ],
    "cameras": [ {
        "Background": 1,
        "BitDepthColor": 10,
        "BitDepthDepth": 16,
        "ColorSpace": "YUV420",
        "DepthColorSpace": "YUV420",
        "Depth_range": [0.1, 500],
        "Depthmap": 1,
        "Name": "viewport",
        "Projection": "Perspective",
        "Position": [ -0.5, -0.5, 1.0 ],
        "Resolution": [2048, 2048],
        "Rotation": [ 0.0, 0.0, 0.0 ],
        "Focal": [1024, 1024],
        "Principle_point": [1024, 1024]
    },
    {
        "BitDepthColor": 10,
        "BitDepthDepth": 16,
        "ColorSpace": "YUV420",
        "DepthColorSpace": "YUV420",
        "Depth_range": [ 0.1, 500.0 ],
        "Hor_range": [ -90.0, 90.0 ],
        "Name": "v0",
        "Position": [ -0.5, -0.5, 1.2999999523162842 ],
        "Projection": "Equirectangular",
        "Resolution": [ 2048, 2048 ],
        "Rotation": [ -90.00000933466734, -90.0000161648565, 0.0 ],
        "Ver_range": [ -90.0, 90.0 ]
    },
    {
        "BitDepthColor": 10,
        "BitDepthDepth": 16,
        "ColorSpace": "YUV420",
        "DepthColorSpace": "YUV420",
        "Depth_range": [ 0.1, 500.0 ],
        "Hor_range": [ -90.0, 90.0 ],
        "Name": "v1",
        "Position": [ -0.20000000298023224, -0.5, 1.0 ],
        "Projection": "Equirectangular",
        "Resolution": [ 2048, 2048 ],
        "Rotation": [ -0.0, -0.0, 0.0 ],
        "Ver_range": [ -90.0, 90.0 ]
    },
    {
        "BitDepthColor": 10,
        "BitDepthDepth": 16,
        "ColorSpace": "YUV420",
        "DepthColorSpace": "YUV420",
        "Depth_range": [ 0.1, 500.0 ],
        "Hor_range": [ -90.0, 90.0 ],
        "Name": "v2",
        "Position": [ -0.2878679633140564, -0.2878679633140564, 1.0 ],
        "Projection": "Equirectangular",
        "Resolution": [ 2048, 2048 ],
        "Rotation": [ 45.00000125223908, 1.9603497883603853e-06, 4.732702820229642e-06 ],
        "Ver_range": [ -90.0, 90.0 ]
    },
    {
        "BitDepthColor": 10,
        "BitDepthDepth": 16,
        "ColorSpace": "YUV420",
        "DepthColorSpace": "YUV420",
        "Depth_range": [ 0.1, 500.0 ],
        "Hor_range": [ -90.0, 90.0 ],
        "Name": "v3",
        "Position": [ -0.5, -0.20000000298023224, 1.0 ],
        "Projection": "Equirectangular",
        "Resolution": [ 2048, 2048 ],
        "Rotation": [ 90.00000933466734, -0.0, 0.0 ],
        "Ver_range": [ -90.0, 90.0 ]
    },
    {
        "BitDepthColor": 10,
        "BitDepthDepth": 16,
        "ColorSpace": "YUV420",
        "DepthColorSpace": "YUV420",
        "Depth_range": [ 0.1, 500.0 ],
        "Hor_range": [ -90.0, 90.0 ],
        "Name": "v4",
        "Position": [ -0.7121320366859436, -0.2878679633140564, 1.0 ],
        "Projection": "Equirectangular",
        "Resolution": [ 2048, 2048 ],
        "Rotation": [ 135.00000034162267, 1.9603497883603853e-06, -4.732702413118643e-06 ],
        "Ver_range": [ -90.0, 90.0 ]
    },
    {
        "BitDepthColor": 10,
        "BitDepthDepth": 16,
        "ColorSpace": "YUV420",
        "DepthColorSpace": "YUV420",
        "Depth_range": [ 0.1, 500.0 ],
        "Hor_range": [ -90.0, 90.0 ],
        "Name": "v5",
        "Position": [ -0.800000011920929, -0.5, 1.0 ],
        "Projection": "Equirectangular",
        "Resolution": [ 2048, 2048 ],
        "Rotation": [ -180.00000500895632, -0.0, 0.0 ],
        "Ver_range": [ -90.0, 90.0 ]
    },
    {
        "BitDepthColor": 10,
        "BitDepthDepth": 16,
        "ColorSpace": "YUV420",
        "DepthColorSpace": "YUV420",
        "Depth_range": [ 0.1, 500.0 ],
        "Hor_range": [ -90.0, 90.0 ],
        "Name": "v6",
        "Position": [ -0.7121320366859436, -0.7121320366859436, 1.0 ],
        "Projection": "Equirectangular",
        "Resolution": [ 2048, 2048 ],
        "Rotation": [ -135.000014002001, -4.349920367205137e-06, 7.346502809450822e-06 ],
        "Ver_range": [ -90.0, 90.0 ]
    },
    {
        "BitDepthColor": 10,
        "BitDepthDepth": 16,
        "ColorSpace": "YUV420",
        "DepthColorSpace": "YUV420",
        "Depth_range": [ 0.1, 500.0 ],
        "Hor_range": [ -90.0, 90.0 ],
        "Name": "v7",
        "Position": [ -0.5, -0.800000011920929, 1.0 ],
        "Projection": "Equirectangular",
        "Resolution": [ 2048, 2048 ],
        "Rotation": [ -90.00000933466734, -0.0, 5.008956130975331e-06 ],
        "Ver_range": [ -90.0, 90.0 ]
    },
    {
        "BitDepthColor": 10,
        "BitDepthDepth": 16,
        "ColorSpace": "YUV420",
        "DepthColorSpace": "YUV420",
        "Depth_range": [ 0.1, 500.0 ],
        "Hor_range": [ -90.0, 90.0 ],
        "Name": "v8",
        "Position": [ -0.2878679633140564, -0.7121320366859436, 1.0 ],
        "Projection": "Equirectangular",
        "Resolution": [ 2048, 2048 ],
        "Rotation": [ -44.999994422049916, -4.349920367205137e-06, -7.346502809450822e-06 ],
        "Ver_range": [ -90.0, 90.0 ]
    },
    {
        "BitDepthColor": 10,
        "BitDepthDepth": 16,
        "ColorSpace": "YUV420",
        "DepthColorSpace": "YUV420",
        "Depth_range": [ 0.1, 500.0 ],
        "Hor_range": [ -90.0, 90.0 ],
        "Name": "v9",
        "Position": [ -0.5, -0.5, 0.699999988079071 ],
        "Projection": "Equirectangular",
        "Resolution": [ 2048, 2048 ],
        "Rotation": [ 90.00000250447816, 90.00000250447816, 0.0 ],
        "Ver_range": [ -90.0, 90.0 ]
    }
    ]
}
