{
    "Content_name": "Fan", 
    "BoundingBox_center": [1.65,2.50,1.45], 
    "Fps": 30,
    "Frames_number": 97,
    "Informative":
    {     
        "Cameras_number": 15,
        "RigRadius": 0.40
    },
    "sourceCameraNames": [ "v00", "v01", "v02", "v03", "v04", "v05", "v06", "v07", "v08", "v09", "v10", "v11", "v12", "v13", "v14" ],
    "cameras":
    [
        {
            "Name":"viewport",
            "Position": [  -2.5000,   1.6500, 1.4500], 
            "Rotation": [  -33.9126,   7.7346, -0.0000], 
            "Depthmap": 1,
            "Background": 1,
            "HasInvalidDepth": false,
            "Depth_range": [0.35, 12.50],
            "Resolution": [1920,1080],
            "Projection": "Perspective",
            "Focal": [2058.73, 2058.73], 
            "Principle_point":[960,540],
            "BitDepthColor": 10,
            "BitDepthDepth": 16,
            "ColorSpace": "YUV420",
            "DepthColorSpace": "YUV420"
        },
        {
            "Name":"v00",
            "RowCol":"v00",
            "Position": [  -2.6004,   1.4765, 1.5491], 
            "Rotation": [  -33.9126,   7.7346, -0.0000], 
            "Depthmap": 1,
            "Background": 1,
            "HasInvalidDepth": false,
            "Depth_range": [0.35, 12.50],
            "Resolution": [1920,1080],
            "Projection": "Perspective",
            "Focal": [2058.73, 2058.73], 
            "Principle_point":[960,540],
            "BitDepthColor": 10,
            "BitDepthDepth": 16,
            "ColorSpace": "YUV420",
            "DepthColorSpace": "YUV420"
        },
        {
            "Name":"v01",
            "RowCol":"v01",
            "Position": [  -2.5446,   1.5595, 1.5491], 
            "Rotation": [  -33.9126,   7.7346, -0.0000], 
            "Depthmap": 1,
            "Background": 1,
            "HasInvalidDepth": false,
            "Depth_range": [0.35, 12.50],
            "Resolution": [1920,1080],
            "Projection": "Perspective",
            "Focal": [2058.73, 2058.73], 
            "Principle_point":[960,540],
            "BitDepthColor": 10,
            "BitDepthDepth": 16,
            "ColorSpace": "YUV420",
            "DepthColorSpace": "YUV420"
        },
        {
            "Name":"v02",
            "RowCol":"v02",
            "Position": [  -2.4888,   1.6425, 1.5491], 
            "Rotation": [  -33.9126,   7.7346, -0.0000], 
            "Depthmap": 1,
            "Background": 1,
            "HasInvalidDepth": false,
            "Depth_range": [0.35, 12.50],
            "Resolution": [1920,1080],
            "Projection": "Perspective",
            "Focal": [2058.73, 2058.73], 
            "Principle_point":[960,540],
            "BitDepthColor": 10,
            "BitDepthDepth": 16,
            "ColorSpace": "YUV420",
            "DepthColorSpace": "YUV420"
        },
        {
            "Name":"v03",
            "RowCol":"v03",
            "Position": [  -2.4330,   1.7255, 1.5491], 
            "Rotation": [  -33.9126,   7.7346, -0.0000], 
            "Depthmap": 1,
            "Background": 1,
            "HasInvalidDepth": false,
            "Depth_range": [0.35, 12.50],
            "Resolution": [1920,1080],
            "Projection": "Perspective",
            "Focal": [2058.73, 2058.73], 
            "Principle_point":[960,540],
            "BitDepthColor": 10,
            "BitDepthDepth": 16,
            "ColorSpace": "YUV420",
            "DepthColorSpace": "YUV420"
        },
        {
            "Name":"v04",
            "RowCol":"v04",
            "Position": [  -2.3772,   1.8085, 1.5491], 
            "Rotation": [  -33.9126,   7.7346, -0.0000], 
            "Depthmap": 1,
            "Background": 1,
            "HasInvalidDepth": false,
            "Depth_range": [0.35, 12.50],
            "Resolution": [1920,1080],
            "Projection": "Perspective",
            "Focal": [2058.73, 2058.73], 
            "Principle_point":[960,540],
            "BitDepthColor": 10,
            "BitDepthDepth": 16,
            "ColorSpace": "YUV420",
            "DepthColorSpace": "YUV420"
        },
        {
            "Name":"v05",
            "RowCol":"v10",
            "Position": [  -2.6116,   1.4840, 1.4500], 
            "Rotation": [  -33.9126,   7.7346, -0.0000], 
            "Depthmap": 1,
            "Background": 1,
            "HasInvalidDepth": false,
            "Depth_range": [0.35, 12.50],
            "Resolution": [1920,1080],
            "Projection": "Perspective",
            "Focal": [2058.73, 2058.73], 
            "Principle_point":[960,540],
            "BitDepthColor": 10,
            "BitDepthDepth": 16,
            "ColorSpace": "YUV420",
            "DepthColorSpace": "YUV420"
        },
        {
            "Name":"v06",
            "RowCol":"v11",
            "Position": [  -2.5558,   1.5670, 1.4500], 
            "Rotation": [  -33.9126,   7.7346, -0.0000], 
            "Depthmap": 1,
            "Background": 1,
            "HasInvalidDepth": false,
            "Depth_range": [0.35, 12.50],
            "Resolution": [1920,1080],
            "Projection": "Perspective",
            "Focal": [2058.73, 2058.73], 
            "Principle_point":[960,540],
            "BitDepthColor": 10,
            "BitDepthDepth": 16,
            "ColorSpace": "YUV420",
            "DepthColorSpace": "YUV420"
        },
        {
            "Name":"v07",
            "RowCol":"v12",
            "Position": [  -2.5000,   1.6500, 1.4500], 
            "Rotation": [  -33.9126,   7.7346, -0.0000], 
            "Depthmap": 1,
            "Background": 1,
            "HasInvalidDepth": false,
            "Depth_range": [0.35, 12.50],
            "Resolution": [1920,1080],
            "Projection": "Perspective",
            "Focal": [2058.73, 2058.73], 
            "Principle_point":[960,540],
            "BitDepthColor": 10,
            "BitDepthDepth": 16,
            "ColorSpace": "YUV420",
            "DepthColorSpace": "YUV420"
        },
        {
            "Name":"v08",
            "RowCol":"v13",
            "Position": [  -2.4442,   1.7330, 1.4500], 
            "Rotation": [  -33.9126,   7.7346, -0.0000], 
            "Depthmap": 1,
            "Background": 1,
            "HasInvalidDepth": false,
            "Depth_range": [0.35, 12.50],
            "Resolution": [1920,1080],
            "Projection": "Perspective",
            "Focal": [2058.73, 2058.73], 
            "Principle_point":[960,540],
            "BitDepthColor": 10,
            "BitDepthDepth": 16,
            "ColorSpace": "YUV420",
            "DepthColorSpace": "YUV420"
        },
        {
            "Name":"v09",
            "RowCol":"v14",
            "Position": [  -2.3884,   1.8160, 1.4500], 
            "Rotation": [  -33.9126,   7.7346, -0.0000], 
            "Depthmap": 1,
            "Background": 1,
            "HasInvalidDepth": false,
            "Depth_range": [0.35, 12.50],
            "Resolution": [1920,1080],
            "Projection": "Perspective",
            "Focal": [2058.73, 2058.73], 
            "Principle_point":[960,540],
            "BitDepthColor": 10,
            "BitDepthDepth": 16,
            "ColorSpace": "YUV420",
            "DepthColorSpace": "YUV420"
        },
        {
            "Name":"v10",
            "RowCol":"v20",
            "Position": [  -2.6228,   1.4915, 1.3509], 
            "Rotation": [  -33.9126,   7.7346, -0.0000], 
            "Depthmap": 1,
            "Background": 1,
            "HasInvalidDepth": false,
            "Depth_range": [0.35, 12.50],
            "Resolution": [1920,1080],
            "Projection": "Perspective",
            "Focal": [2058.73, 2058.73], 
            "Principle_point":[960,540],
            "BitDepthColor": 10,
            "BitDepthDepth": 16,
            "ColorSpace": "YUV420",
            "DepthColorSpace": "YUV420"
        },
        {
            "Name":"v11",
            "RowCol":"v21",
            "Position": [  -2.5670,   1.5745, 1.3509], 
            "Rotation": [  -33.9126,   7.7346, -0.0000], 
            "Depthmap": 1,
            "Background": 1,
            "HasInvalidDepth": false,
            "Depth_range": [0.35, 12.50],
            "Resolution": [1920,1080],
            "Projection": "Perspective",
            "Focal": [2058.73, 2058.73], 
            "Principle_point":[960,540],
            "BitDepthColor": 10,
            "BitDepthDepth": 16,
            "ColorSpace": "YUV420",
            "DepthColorSpace": "YUV420"
        },
        {
            "Name":"v12",
            "RowCol":"v22",
            "Position": [  -2.5112,   1.6575, 1.3509], 
            "Rotation": [  -33.9126,   7.7346, -0.0000], 
            "Depthmap": 1,
            "Background": 1,
            "HasInvalidDepth": false,
            "Depth_range": [0.35, 12.50],
            "Resolution": [1920,1080],
            "Projection": "Perspective",
            "Focal": [2058.73, 2058.73], 
            "Principle_point":[960,540],
            "BitDepthColor": 10,
            "BitDepthDepth": 16,
            "ColorSpace": "YUV420",
            "DepthColorSpace": "YUV420"
        },
        {
            "Name":"v13",
            "RowCol":"v23",
            "Position": [  -2.4554,   1.7405, 1.3509], 
            "Rotation": [  -33.9126,   7.7346, -0.0000], 
            "Depthmap": 1,
            "Background": 1,
            "HasInvalidDepth": false,
            "Depth_range": [0.35, 12.50],
            "Resolution": [1920,1080],
            "Projection": "Perspective",
            "Focal": [2058.73, 2058.73], 
            "Principle_point":[960,540],
            "BitDepthColor": 10,
            "BitDepthDepth": 16,
            "ColorSpace": "YUV420",
            "DepthColorSpace": "YUV420"
        },
        {
            "Name":"v14",
            "RowCol":"v24",
            "Position": [  -2.3996,   1.8235, 1.3509], 
            "Rotation": [  -33.9126,   7.7346, -0.0000], 
            "Depthmap": 1,
            "Background": 1,
            "HasInvalidDepth": false,
            "Depth_range": [0.35, 12.50],
            "Resolution": [1920,1080],
            "Projection": "Perspective",
            "Focal": [2058.73, 2058.73], 
            "Principle_point":[960,540],
            "BitDepthColor": 10,
            "BitDepthDepth": 16,
            "ColorSpace": "YUV420",
            "DepthColorSpace": "YUV420"
        }
    ]
}
