{
    "Content_name": "Group", 
    "BoundingBox_center": [0.0,0.0,2.50], 
    "Fps": 30,
    "Frames_number": 100,
    "Informative":
    {     
        "Cameras_number": 21,
        "RigRadius": 4.00
    },
    "sourceCameraNames": [ "v00", "v01", "v02", "v03", "v04", "v05", "v06", "v07", "v08", "v09", "v10", "v11", "v12", "v13", "v14", "v15", "v16", "v17", "v18", "v19", "v20" ],
    "cameras":
    [
        {
            "Name":"viewport",
            "Position": [  3.0353,   -4.3637, 2.5000], 
            "Rotation": [  105.0000,   25.0000, 0.0000], 
            "Depthmap": 1,
            "Background": 1,
            "HasInvalidDepth": false,            
            "Resolution": [1920,1080],
            "Projection": "Perspective",
            "Focal": [1251.10, 1251.10], 
            "Principle_point":[960,540],
            "BitDepthColor": 10,
            "BitDepthDepth": 16,
			"Depth_range": [1.5, 25],
            "ColorSpace": "YUV420",
            "DepthColorSpace": "YUV420"
        },
        {
            "Name":"v00",
            "Position": [  6.0000,   -0.5000, 2.5000], 
            "Rotation": [  180.0000,   25.0000, 0.0000], 
            "Depthmap": 1,
            "Background": 1,
            "HasInvalidDepth": false,            
            "Resolution": [1920,1080],
            "Projection": "Perspective",
            "Focal": [1251.10, 1251.10], 
            "Principle_point":[960,540],
            "BitDepthColor": 10,
            "BitDepthDepth": 16,
			"Depth_range": [1.5, 25],
            "ColorSpace": "YUV420",
            "DepthColorSpace": "YUV420"
        },
        {
            "Name":"v01",
            "Position": [  5.8637,   -1.5353, 2.5000], 
            "Rotation": [  165.0000,   25.0000, 0.0000], 
            "Depthmap": 1,
            "Background": 1,
            "HasInvalidDepth": false,            
            "Resolution": [1920,1080],
            "Projection": "Perspective",
            "Focal": [1251.10, 1251.10], 
            "Principle_point":[960,540],
            "BitDepthColor": 10,
            "BitDepthDepth": 16,
			"Depth_range": [1.5, 25],
            "ColorSpace": "YUV420",
            "DepthColorSpace": "YUV420"
        },
        {
            "Name":"v02",
            "Position": [  5.4641,   -2.5000, 2.5000], 
            "Rotation": [  150.0000,   25.0000, 0.0000], 
            "Depthmap": 1,
            "Background": 1,
            "HasInvalidDepth": false,            
            "Resolution": [1920,1080],
            "Projection": "Perspective",
            "Focal": [1251.10, 1251.10], 
            "Principle_point":[960,540],
            "BitDepthColor": 10,
            "BitDepthDepth": 16,
			"Depth_range": [1.5, 25],
            "ColorSpace": "YUV420",
            "DepthColorSpace": "YUV420"
        },
        {
            "Name":"v03",
            "Position": [  4.8284,   -3.3284, 2.5000], 
            "Rotation": [  135.0000,   25.0000, 0.0000], 
            "Depthmap": 1,
            "Background": 1,
            "HasInvalidDepth": false,            
            "Resolution": [1920,1080],
            "Projection": "Perspective",
            "Focal": [1251.10, 1251.10], 
            "Principle_point":[960,540],
            "BitDepthColor": 10,
            "BitDepthDepth": 16,
			"Depth_range": [1.5, 25],
            "ColorSpace": "YUV420",
            "DepthColorSpace": "YUV420"
        },
        {
            "Name":"v04",
            "Position": [  4.0000,   -3.9641, 2.5000], 
            "Rotation": [  120.0000,   25.0000, 0.0000], 
            "Depthmap": 1,
            "Background": 1,
            "HasInvalidDepth": false,            
            "Resolution": [1920,1080],
            "Projection": "Perspective",
            "Focal": [1251.10, 1251.10], 
            "Principle_point":[960,540],
            "BitDepthColor": 10,
            "BitDepthDepth": 16,
			"Depth_range": [1.5, 25],
            "ColorSpace": "YUV420",
            "DepthColorSpace": "YUV420"
        },
        {
            "Name":"v05",
            "Position": [  3.0353,   -4.3637, 2.5000], 
            "Rotation": [  105.0000,   25.0000, 0.0000], 
            "Depthmap": 1,
            "Background": 1,
            "HasInvalidDepth": false,            
            "Resolution": [1920,1080],
            "Projection": "Perspective",
            "Focal": [1251.10, 1251.10], 
            "Principle_point":[960,540],
            "BitDepthColor": 10,
            "BitDepthDepth": 16,
			"Depth_range": [1.5, 25],
            "ColorSpace": "YUV420",
            "DepthColorSpace": "YUV420"
        },
        {
            "Name":"v06",
            "Position": [  2.0000,   -4.5000, 2.5000], 
            "Rotation": [  90.0000,   25.0000, 0.0000], 
            "Depthmap": 1,
            "Background": 1,
            "HasInvalidDepth": false,            
            "Resolution": [1920,1080],
            "Projection": "Perspective",
            "Focal": [1251.10, 1251.10], 
            "Principle_point":[960,540],
            "BitDepthColor": 10,
            "BitDepthDepth": 16,
			"Depth_range": [1.5, 25],
            "ColorSpace": "YUV420",
            "DepthColorSpace": "YUV420"
        },
        {
            "Name":"v07",
            "Position": [  0.9647,   -4.3637, 2.5000], 
            "Rotation": [  75.0000,   25.0000, 0.0000], 
            "Depthmap": 1,
            "Background": 1,
            "HasInvalidDepth": false,            
            "Resolution": [1920,1080],
            "Projection": "Perspective",
            "Focal": [1251.10, 1251.10], 
            "Principle_point":[960,540],
            "BitDepthColor": 10,
            "BitDepthDepth": 16,
			"Depth_range": [1.5, 25],
            "ColorSpace": "YUV420",
            "DepthColorSpace": "YUV420"
        },
        {
            "Name":"v08",
            "Position": [  0.0000,   -3.9641, 2.5000], 
            "Rotation": [  60.0000,   25.0000, 0.0000], 
            "Depthmap": 1,
            "Background": 1,
            "HasInvalidDepth": false,            
            "Resolution": [1920,1080],
            "Projection": "Perspective",
            "Focal": [1251.10, 1251.10], 
            "Principle_point":[960,540],
            "BitDepthColor": 10,
            "BitDepthDepth": 16,
			"Depth_range": [1.5, 25],
            "ColorSpace": "YUV420",
            "DepthColorSpace": "YUV420"
        },
        {
            "Name":"v09",
            "Position": [  -0.8284,   -3.3284, 2.5000], 
            "Rotation": [  45.0000,   25.0000, 0.0000], 
            "Depthmap": 1,
            "Background": 1,
            "HasInvalidDepth": false,            
            "Resolution": [1920,1080],
            "Projection": "Perspective",
            "Focal": [1251.10, 1251.10], 
            "Principle_point":[960,540],
            "BitDepthColor": 10,
            "BitDepthDepth": 16,
			"Depth_range": [1.5, 25],
            "ColorSpace": "YUV420",
            "DepthColorSpace": "YUV420"
        },
        {
            "Name":"v10",
            "Position": [  -1.4641,   -2.5000, 2.5000], 
            "Rotation": [  30.0000,   25.0000, 0.0000], 
            "Depthmap": 1,
            "Background": 1,
            "HasInvalidDepth": false,            
            "Resolution": [1920,1080],
            "Projection": "Perspective",
            "Focal": [1251.10, 1251.10], 
            "Principle_point":[960,540],
            "BitDepthColor": 10,
            "BitDepthDepth": 16,
			"Depth_range": [1.5, 25],
            "ColorSpace": "YUV420",
            "DepthColorSpace": "YUV420"
        },
        {
            "Name":"v11",
            "Position": [  -1.8637,   -1.5353, 2.5000], 
            "Rotation": [  15.0000,   25.0000, 0.0000], 
            "Depthmap": 1,
            "Background": 1,
            "HasInvalidDepth": false,            
            "Resolution": [1920,1080],
            "Projection": "Perspective",
            "Focal": [1251.10, 1251.10], 
            "Principle_point":[960,540],
            "BitDepthColor": 10,
            "BitDepthDepth": 16,
			"Depth_range": [1.5, 25],
            "ColorSpace": "YUV420",
            "DepthColorSpace": "YUV420"
        },
        {
            "Name":"v12",
            "Position": [  4.7500,   -0.5000, 4.0000], 
            "Rotation": [  180.0000,   45.0000, 0.0000], 
            "Depthmap": 1,
            "Background": 1,
            "HasInvalidDepth": false,            
            "Resolution": [1920,1080],
            "Projection": "Perspective",
            "Focal": [1251.10, 1251.10], 
            "Principle_point":[960,540],
            "BitDepthColor": 10,
            "BitDepthDepth": 16,
			"Depth_range": [1.5, 25],
            "ColorSpace": "YUV420",
            "DepthColorSpace": "YUV420"
        },
        {
            "Name":"v13",
            "Position": [  4.3816,   -1.8750, 4.0000], 
            "Rotation": [  150.0000,   45.0000, 0.0000], 
            "Depthmap": 1,
            "Background": 1,
            "HasInvalidDepth": false,            
            "Resolution": [1920,1080],
            "Projection": "Perspective",
            "Focal": [1251.10, 1251.10], 
            "Principle_point":[960,540],
            "BitDepthColor": 10,
            "BitDepthDepth": 16,
			"Depth_range": [1.5, 25],
            "ColorSpace": "YUV420",
            "DepthColorSpace": "YUV420"
        },
        {
            "Name":"v14",
            "Position": [  3.3750,   -2.8816, 4.0000], 
            "Rotation": [  120.0000,   45.0000, 0.0000], 
            "Depthmap": 1,
            "Background": 1,
            "HasInvalidDepth": false,            
            "Resolution": [1920,1080],
            "Projection": "Perspective",
            "Focal": [1251.10, 1251.10], 
            "Principle_point":[960,540],
            "BitDepthColor": 10,
            "BitDepthDepth": 16,
			"Depth_range": [1.5, 25],
            "ColorSpace": "YUV420",
            "DepthColorSpace": "YUV420"
        },
        {
            "Name":"v15",
            "Position": [  2.0000,   -3.2500, 4.0000], 
            "Rotation": [  90.0000,   45.0000, 0.0000], 
            "Depthmap": 1,
            "Background": 1,
            "HasInvalidDepth": false,            
            "Resolution": [1920,1080],
            "Projection": "Perspective",
            "Focal": [1251.10, 1251.10], 
            "Principle_point":[960,540],
            "BitDepthColor": 10,
            "BitDepthDepth": 16,
			"Depth_range": [1.5, 25],
            "ColorSpace": "YUV420",
            "DepthColorSpace": "YUV420"
        },
        {
            "Name":"v16",
            "Position": [  0.6250,   -2.8816, 4.0000], 
            "Rotation": [  60.0000,   45.0000, 0.0000], 
            "Depthmap": 1,
            "Background": 1,
            "HasInvalidDepth": false,            
            "Resolution": [1920,1080],
            "Projection": "Perspective",
            "Focal": [1251.10, 1251.10], 
            "Principle_point":[960,540],
            "BitDepthColor": 10,
            "BitDepthDepth": 16,
			"Depth_range": [1.5, 25],
            "ColorSpace": "YUV420",
            "DepthColorSpace": "YUV420"
        },
        {
            "Name":"v17",
            "Position": [  -0.3816,   -1.8750, 4.0000], 
            "Rotation": [  30.0000,   45.0000, 0.0000], 
            "Depthmap": 1,
            "Background": 1,
            "HasInvalidDepth": false,            
            "Resolution": [1920,1080],
            "Projection": "Perspective",
            "Focal": [1251.10, 1251.10], 
            "Principle_point":[960,540],
            "BitDepthColor": 10,
            "BitDepthDepth": 16,
			"Depth_range": [1.5, 25],
            "ColorSpace": "YUV420",
            "DepthColorSpace": "YUV420"
        },
        {
            "Name":"v18",
            "Position": [  4.0000,   -0.5000, 5.0000], 
            "Rotation": [  180.0000,   65.0000, 0.0000], 
            "Depthmap": 1,
            "Background": 1,
            "HasInvalidDepth": false,            
            "Resolution": [1920,1080],
            "Projection": "Perspective",
            "Focal": [1251.10, 1251.10], 
            "Principle_point":[960,540],
            "BitDepthColor": 10,
            "BitDepthDepth": 16,
			"Depth_range": [1.5, 25],
            "ColorSpace": "YUV420",
            "DepthColorSpace": "YUV420"
        },
        {
            "Name":"v19",
            "Position": [  3.0000,   -2.2321, 5.0000], 
            "Rotation": [  120.0000,   65.0000, 0.0000], 
            "Depthmap": 1,
            "Background": 1,
            "HasInvalidDepth": false,            
            "Resolution": [1920,1080],
            "Projection": "Perspective",
            "Focal": [1251.10, 1251.10], 
            "Principle_point":[960,540],
            "BitDepthColor": 10,
            "BitDepthDepth": 16,
			"Depth_range": [1.5, 25],
            "ColorSpace": "YUV420",
            "DepthColorSpace": "YUV420"
        },
        {
            "Name":"v20",
            "Position": [  1.0000,   -2.2321, 5.0000], 
            "Rotation": [  60.0000,   65.0000, 0.0000], 
            "Depthmap": 1,
            "Background": 1,
            "HasInvalidDepth": false,            
            "Resolution": [1920,1080],
            "Projection": "Perspective",
            "Focal": [1251.10, 1251.10], 
            "Principle_point":[960,540],
            "BitDepthColor": 10,
            "BitDepthDepth": 16,
			"Depth_range": [1.5, 25],
            "ColorSpace": "YUV420",
            "DepthColorSpace": "YUV420"
        }
    ]
}